-- DML

INSERT INTO CATEGORY VALUES (10, 'Энциклопедии');
INSERT INTO CATEGORY VALUES (20, 'Естественные науки');
INSERT INTO CATEGORY VALUES (30, 'Техника. Технические науки');
INSERT INTO CATEGORY VALUES (40, 'Сельское и лесное хозяйство');
INSERT INTO CATEGORY VALUES (50, 'Здравоохранение. Медицинские науки');
INSERT INTO CATEGORY VALUES (60, 'Социальные и гуманитарные науки');
INSERT INTO CATEGORY VALUES (70, 'Культура. Наука. Просвещение');
INSERT INTO CATEGORY VALUES (80, 'Филологические науки. Художественная литература');
INSERT INTO CATEGORY VALUES (90, 'Литература универсального содержания');

INSERT INTO BOOK VALUES (10100, 'Энциклопедия относительного и абсолютного знания', 2014, 288, 10);
INSERT INTO BOOK VALUES (11200, 'Толкиен и его мир', 2005, 496, 10);
INSERT INTO BOOK VALUES (12300, 'Гномы', 2005, 496, 10);
INSERT INTO BOOK VALUES (13400, 'Что непонятно у классиков, или Энциклопедия русского быта XIX века', 2005, 496, 10);
INSERT INTO BOOK VALUES (20001, 'Краткая история времени', 2019, 272, 20);
INSERT INTO BOOK VALUES (20002, 'Природа пространства и время', 2022, 192, 20);
INSERT INTO BOOK VALUES (21001, 'Большой роман о математике', 2018, 320, 20);
INSERT INTO BOOK VALUES (22001, '99 секретов химии', 2020, 224, 20);
INSERT INTO BOOK VALUES (30001, 'Технологическая оснастка', 2012, 288, 30);
INSERT INTO BOOK VALUES (31001, 'Проектирование и строительство. Дом, квартира, сад', 2016, 256, 30);
INSERT INTO BOOK VALUES (40001, 'Организация крестьянского хозяйства', 2015, 363, 40);
INSERT INTO BOOK VALUES (41001, 'Организация охотничьего хозяйства: учебное пособие', 2016, 268, 40);
INSERT INTO BOOK VALUES (50001, 'Гомеопатия и не только', 2018, 368, 50);
INSERT INTO BOOK VALUES (50002, 'Практическая психосоматика', 2019, 324, 50);
INSERT INTO BOOK VALUES (60001, 'Загадки истории', 2011, 320, 60);
INSERT INTO BOOK VALUES (61001, 'Теория государства и права', 2013, 652, 60);
INSERT INTO BOOK VALUES (70001, 'Закат Европы', 2006, 630, 70);
INSERT INTO BOOK VALUES (71001, 'Твое здоровье в твоих руках', 1973, 56, 70);
INSERT INTO BOOK VALUES (80001, 'Народные русские сказки', 2018, 280, 80);
INSERT INTO BOOK VALUES (81001, '1984', 2015, 320, 80);
INSERT INTO BOOK VALUES (81002, 'Триумфальная арка', 2017, 640, 80);
INSERT INTO BOOK VALUES (82001, 'Преступление и наказание', 2019, 608, 80);
INSERT INTO BOOK VALUES (82101, 'Знак беды', 1989, 542, 80);
INSERT INTO BOOK VALUES (90001, 'Великие цитаты и афоризмы', 2021, 319, 90);
INSERT INTO BOOK VALUES (90002, 'Афоризмы для умных мужчин', 2021, 192, 90);

INSERT INTO AUTHOR VALUES (1, 'Бернар', 'Вербер');
INSERT INTO AUTHOR VALUES (2, 'Кирилл', 'Королёв');
INSERT INTO AUTHOR VALUES (3, 'Тим', 'Аппензеллер');
INSERT INTO AUTHOR VALUES (4, 'Юрий', 'Федосюк');
INSERT INTO AUTHOR VALUES (5, 'Стивен', 'Хокинг');
INSERT INTO AUTHOR VALUES (6, 'Роджер', 'Пенроуз');
INSERT INTO AUTHOR VALUES (7, 'Микаэль', 'Лонэ');
INSERT INTO AUTHOR VALUES (8, 'Анастасия', 'Мартюшева');
INSERT INTO AUTHOR VALUES (9, 'Борис', 'Черпаков');
INSERT INTO AUTHOR VALUES (10, 'Петер', 'Нойферт');
INSERT INTO AUTHOR VALUES (11, 'Людвиг', 'Нефф');
INSERT INTO AUTHOR VALUES (12, 'Александр', 'Чаянов');
INSERT INTO AUTHOR VALUES (13, 'Юрий', 'Мальков');
INSERT INTO AUTHOR VALUES (14, 'Евгений', 'Чешуин');
INSERT INTO AUTHOR VALUES (15, 'Эдвард', 'Радзинский');
INSERT INTO AUTHOR VALUES (16, 'Михаил', 'Марченко');
INSERT INTO AUTHOR VALUES (17, 'Татьяна', 'Колотова');
INSERT INTO AUTHOR VALUES (18, 'Юрий', 'Чикоров');
INSERT INTO AUTHOR VALUES (19, 'Освальд', 'Шпенглер');
INSERT INTO AUTHOR VALUES (20, 'Степан', 'Кривенков');
INSERT INTO AUTHOR VALUES (21, 'Александр', 'Афанасьев');
INSERT INTO AUTHOR VALUES (22, 'Джордж', 'Оруэлл');
INSERT INTO AUTHOR VALUES (23, 'Эрих Мария', 'Ремарк');
INSERT INTO AUTHOR VALUES (24, 'Федор', 'Достоевский');
INSERT INTO AUTHOR VALUES (25, 'Василь', 'Быков');
INSERT INTO AUTHOR VALUES (26, 'Омар', 'Хайам');
INSERT INTO AUTHOR VALUES (27, 'Марк', 'Фалкирк');

INSERT INTO BOOK_AUTHOR VALUES (10100, 1);
INSERT INTO BOOK_AUTHOR VALUES (11200, 2);
INSERT INTO BOOK_AUTHOR VALUES (12300, 3);
INSERT INTO BOOK_AUTHOR VALUES (13400, 4);
INSERT INTO BOOK_AUTHOR VALUES (20001, 5);
INSERT INTO BOOK_AUTHOR VALUES (20002, 5);
INSERT INTO BOOK_AUTHOR VALUES (20002, 6);
INSERT INTO BOOK_AUTHOR VALUES (21001, 7);
INSERT INTO BOOK_AUTHOR VALUES (22001, 8);
INSERT INTO BOOK_AUTHOR VALUES (30001, 9);
INSERT INTO BOOK_AUTHOR VALUES (31001, 10);
INSERT INTO BOOK_AUTHOR VALUES (31001, 11);
INSERT INTO BOOK_AUTHOR VALUES (40001, 12);
INSERT INTO BOOK_AUTHOR VALUES (41001, 13);
INSERT INTO BOOK_AUTHOR VALUES (41001, 14);
INSERT INTO BOOK_AUTHOR VALUES (50001, 17);
INSERT INTO BOOK_AUTHOR VALUES (50002, 18);
INSERT INTO BOOK_AUTHOR VALUES (60001, 15);
INSERT INTO BOOK_AUTHOR VALUES (61001, 16);
INSERT INTO BOOK_AUTHOR VALUES (70001, 19);
INSERT INTO BOOK_AUTHOR VALUES (71001, 20);
INSERT INTO BOOK_AUTHOR VALUES (80001, 21);
INSERT INTO BOOK_AUTHOR VALUES (81001, 22);
INSERT INTO BOOK_AUTHOR VALUES (81002, 23);
INSERT INTO BOOK_AUTHOR VALUES (82001, 24);
INSERT INTO BOOK_AUTHOR VALUES (82101, 25);
INSERT INTO BOOK_AUTHOR VALUES (90001, 26);
INSERT INTO BOOK_AUTHOR VALUES (90002, 27);

INSERT INTO BOOK_CATALOG VALUES (10100, 1);
INSERT INTO BOOK_CATALOG VALUES (11200, 3);
INSERT INTO BOOK_CATALOG VALUES (12300, 2);
INSERT INTO BOOK_CATALOG VALUES (13400, 5);
INSERT INTO BOOK_CATALOG VALUES (20001, 4);
INSERT INTO BOOK_CATALOG VALUES (20002, 6);
INSERT INTO BOOK_CATALOG VALUES (21001, 1);
INSERT INTO BOOK_CATALOG VALUES (22001, 2);
INSERT INTO BOOK_CATALOG VALUES (30001, 7);
INSERT INTO BOOK_CATALOG VALUES (31001, 4);
INSERT INTO BOOK_CATALOG VALUES (40001, 2);
INSERT INTO BOOK_CATALOG VALUES (41001, 1);
INSERT INTO BOOK_CATALOG VALUES (50001, 2);
INSERT INTO BOOK_CATALOG VALUES (50002, 3);
INSERT INTO BOOK_CATALOG VALUES (60001, 5);
INSERT INTO BOOK_CATALOG VALUES (61001, 4);
INSERT INTO BOOK_CATALOG VALUES (70001, 6);
INSERT INTO BOOK_CATALOG VALUES (71001, 1);
INSERT INTO BOOK_CATALOG VALUES (80001, 6);
INSERT INTO BOOK_CATALOG VALUES (81001, 9);
INSERT INTO BOOK_CATALOG VALUES (81002, 10);
INSERT INTO BOOK_CATALOG VALUES (82001, 8);
INSERT INTO BOOK_CATALOG VALUES (82101, 11);
INSERT INTO BOOK_CATALOG VALUES (90001, 0);
INSERT INTO BOOK_CATALOG VALUES (90002, 5);

INSERT INTO USER VALUES (1, 'Admin', 'admin', 'ADMIN');
INSERT INTO USER VALUES (2, 'Librarian', 'librarian', 'LIBRARIAN');
INSERT INTO USER VALUES (3, 'User', 'user', 'READER');
INSERT INTO USER VALUES (4, 'Reader', 'reader', 'READER');

INSERT INTO ORDER_BOOK VALUES (1, 90002, 3, 'Читальный зал');
INSERT INTO ORDER_BOOK VALUES (2, 50001, 4, 'Абонемент');
